chapterId,bookId,chapterNumber
1,1,1
2,1,2
3,1,3
4,1,4
5,1,5
6,1,6
7,1,7
8,1,8
9,1,9
10,1,10
11,1,11
12,1,12
13,1,13
14,1,14
15,1,15
16,1,16
17,1,17
18,1,18
19,1,19
20,1,20
21,1,21
22,1,22
23,1,23
24,1,24
25,1,25
26,1,26
27,1,27
28,1,28
29,1,29
30,1,30
31,1,31
32,1,32
33,1,33
34,1,34
35,1,35
36,1,36
37,1,37
38,1,38
39,1,39
40,1,40
41,1,41
42,1,42
43,1,43
44,1,44
45,1,45
46,1,46
47,1,47
48,1,48
49,1,49
50,1,50
51,2,1
52,2,2
53,2,3
54,2,4
55,2,5
56,2,6
57,2,7
58,2,8
59,2,9
60,2,10
61,2,11
62,2,12
63,2,13
64,2,14
65,2,15
66,2,16
67,2,17
68,2,18
69,2,19
70,2,20
71,2,21
72,2,22
73,2,23
74,2,24
75,2,25
76,2,26
77,2,27
78,2,28
79,2,29
80,2,30
81,2,31
82,2,32
83,2,33
84,2,34
85,2,35
86,2,36
87,2,37
88,2,38
89,2,39
90,2,40
91,3,1
92,3,2
93,3,3
94,3,4
95,3,5
96,3,6
97,3,7
98,3,8
99,3,9
100,3,10
101,3,11
102,3,12
103,3,13
104,3,14
105,3,15
106,3,16
107,3,17
108,3,18
109,3,19
110,3,20
111,3,21
112,3,22
113,3,23
114,3,24
115,3,25
116,3,26
117,3,27
118,4,1
119,4,2
120,4,3
121,4,4
122,4,5
123,4,6
124,4,7
125,4,8
126,4,9
127,4,10
128,4,11
129,4,12
130,4,13
131,4,14
132,4,15
133,4,16
134,4,17
135,4,18
136,4,19
137,4,20
138,4,21
139,4,22
140,4,23
141,4,24
142,4,25
143,4,26
144,4,27
145,4,28
146,4,29
147,4,30
148,4,31
149,4,32
150,4,33
151,4,34
152,4,35
153,4,36
154,5,1
155,5,2
156,5,3
157,5,4
158,5,5
159,5,6
160,5,7
161,5,8
162,5,9
163,5,10
164,5,11
165,5,12
166,5,13
167,5,14
168,5,15
169,5,16
170,5,17
171,5,18
172,5,19
173,5,20
174,5,21
175,5,22
176,5,23
177,5,24
178,5,25
179,5,26
180,5,27
181,5,28
182,5,29
183,5,30
184,5,31
185,5,32
186,5,33
187,5,34
188,6,1
189,6,2
190,6,3
191,6,4
192,6,5
193,6,6
194,6,7
195,6,8
196,6,9
197,6,10
198,6,11
199,6,12
200,6,13
201,6,14
202,6,15
203,6,16
204,6,17
205,6,18
206,6,19
207,6,20
208,6,21
209,6,22
210,6,23
211,6,24
212,7,1
213,7,2
214,7,3
215,7,4
216,7,5
217,7,6
218,7,7
219,7,8
220,7,9
221,7,10
222,7,11
223,7,12
224,7,13
225,7,14
226,7,15
227,7,16
228,7,17
229,7,18
230,7,19
231,7,20
232,7,21
233,8,1
234,8,2
235,8,3
236,8,4
237,9,1
238,9,2
239,9,3
240,9,4
241,9,5
242,9,6
243,9,7
244,9,8
245,9,9
246,9,10
247,9,11
248,9,12
249,9,13
250,9,14
251,9,15
252,9,16
253,9,17
254,9,18
255,9,19
256,9,20
257,9,21
258,9,22
259,9,23
260,9,24
261,9,25
262,9,26
263,9,27
264,9,28
265,9,29
266,9,30
267,9,31
268,10,1
269,10,2
270,10,3
271,10,4
272,10,5
273,10,6
274,10,7
275,10,8
276,10,9
277,10,10
278,10,11
279,10,12
280,10,13
281,10,14
282,10,15
283,10,16
284,10,17
285,10,18
286,10,19
287,10,20
288,10,21
289,10,22
290,10,23
291,10,24
292,11,1
293,11,2
294,11,3
295,11,4
296,11,5
297,11,6
298,11,7
299,11,8
300,11,9
301,11,10
302,11,11
303,11,12
304,11,13
305,11,14
306,11,15
307,11,16
308,11,17
309,11,18
310,11,19
311,11,20
312,11,21
313,11,22
314,12,1
315,12,2
316,12,3
317,12,4
318,12,5
319,12,6
320,12,7
321,12,8
322,12,9
323,12,10
324,12,11
325,12,12
326,12,13
327,12,14
328,12,15
329,12,16
330,12,17
331,12,18
332,12,19
333,12,20
334,12,21
335,12,22
336,12,23
337,12,24
338,12,25
339,13,1
340,13,2
341,13,3
342,13,4
343,13,5
344,13,6
345,13,7
346,13,8
347,13,9
348,13,10
349,13,11
350,13,12
351,13,13
352,13,14
353,13,15
354,13,16
355,13,17
356,13,18
357,13,19
358,13,20
359,13,21
360,13,22
361,13,23
362,13,24
363,13,25
364,13,26
365,13,27
366,13,28
367,13,29
368,14,1
369,14,2
370,14,3
371,14,4
372,14,5
373,14,6
374,14,7
375,14,8
376,14,9
377,14,10
378,14,11
379,14,12
380,14,13
381,14,14
382,14,15
383,14,16
384,14,17
385,14,18
386,14,19
387,14,20
388,14,21
389,14,22
390,14,23
391,14,24
392,14,25
393,14,26
394,14,27
395,14,28
396,14,29
397,14,30
398,14,31
399,14,32
400,14,33
401,14,34
402,14,35
403,14,36
404,15,1
405,15,2
406,15,3
407,15,4
408,15,5
409,15,6
410,15,7
411,15,8
412,15,9
413,15,10
414,16,1
415,16,2
416,16,3
417,16,4
418,16,5
419,16,6
420,16,7
421,16,8
422,16,9
423,16,10
424,16,11
425,16,12
426,16,13
427,17,1
428,17,2
429,17,3
430,17,4
431,17,5
432,17,6
433,17,7
434,17,8
435,17,9
436,17,10
437,18,1
438,18,2
439,18,3
440,18,4
441,18,5
442,18,6
443,18,7
444,18,8
445,18,9
446,18,10
447,18,11
448,18,12
449,18,13
450,18,14
451,18,15
452,18,16
453,18,17
454,18,18
455,18,19
456,18,20
457,18,21
458,18,22
459,18,23
460,18,24
461,18,25
462,18,26
463,18,27
464,18,28
465,18,29
466,18,30
467,18,31
468,18,32
469,18,33
470,18,34
471,18,35
472,18,36
473,18,37
474,18,38
475,18,39
476,18,40
477,18,41
478,18,42
479,19,1
480,19,2
481,19,3
482,19,4
483,19,5
484,19,6
485,19,7
486,19,8
487,19,9
488,19,10
489,19,11
490,19,12
491,19,13
492,19,14
493,19,15
494,19,16
495,19,17
496,19,18
497,19,19
498,19,20
499,19,21
500,19,22
501,19,23
502,19,24
503,19,25
504,19,26
505,19,27
506,19,28
507,19,29
508,19,30
509,19,31
510,19,32
511,19,33
512,19,34
513,19,35
514,19,36
515,19,37
516,19,38
517,19,39
518,19,40
519,19,41
520,19,42
521,19,43
522,19,44
523,19,45
524,19,46
525,19,47
526,19,48
527,19,49
528,19,50
529,19,51
530,19,52
531,19,53
532,19,54
533,19,55
534,19,56
535,19,57
536,19,58
537,19,59
538,19,60
539,19,61
540,19,62
541,19,63
542,19,64
543,19,65
544,19,66
545,19,67
546,19,68
547,19,69
548,19,70
549,19,71
550,19,72
551,19,73
552,19,74
553,19,75
554,19,76
555,19,77
556,19,78
557,19,79
558,19,80
559,19,81
560,19,82
561,19,83
562,19,84
563,19,85
564,19,86
565,19,87
566,19,88
567,19,89
568,19,90
569,19,91
570,19,92
571,19,93
572,19,94
573,19,95
574,19,96
575,19,97
576,19,98
577,19,99
578,19,100
579,19,101
580,19,102
581,19,103
582,19,104
583,19,105
584,19,106
585,19,107
586,19,108
587,19,109
588,19,110
589,19,111
590,19,112
591,19,113
592,19,114
593,19,116
594,19,117
595,19,118
596,19,119
597,19,120
598,19,121
599,19,122
600,19,123
601,19,124
602,19,125
603,19,126
604,19,127
605,19,128
606,19,130
607,19,131
608,19,132
609,19,133
610,19,134
611,19,135
612,19,136
613,19,137
614,19,138
615,19,139
616,19,140
617,19,141
618,19,142
619,19,143
620,19,144
621,19,145
622,19,146
623,19,147
624,19,148
625,19,149
626,19,150
627,20,1
628,20,2
629,20,3
630,20,4
631,20,5
632,20,6
633,20,7
634,20,8
635,20,9
636,20,10
637,20,11
638,20,12
639,20,13
640,20,14
641,20,15
642,20,16
643,20,17
644,20,18
645,20,19
646,20,20
647,20,21
648,20,22
649,20,23
650,20,24
651,20,25
652,20,26
653,20,27
654,20,28
655,20,29
656,20,30
657,20,31
658,21,1
659,21,2
660,21,3
661,21,4
662,21,5
663,21,6
664,21,7
665,21,8
666,21,9
667,21,10
668,21,11
669,21,12
670,22,1
671,22,2
672,22,3
673,22,4
674,22,5
675,22,6
676,22,7
677,22,8
678,23,1
679,23,2
680,23,3
681,23,4
682,23,5
683,23,6
684,23,7
685,23,8
686,23,9
687,23,10
688,23,11
689,23,12
690,23,13
691,23,14
692,23,15
693,23,16
694,23,17
695,23,18
696,23,19
697,23,20
698,23,21
699,23,22
700,23,23
701,23,24
702,23,25
703,23,26
704,23,27
705,23,28
706,23,29
707,23,30
708,23,31
709,23,32
710,23,33
711,23,34
712,23,35
713,23,36
714,23,37
715,23,38
716,23,39
717,23,40
718,23,41
719,23,42
720,23,43
721,23,44
722,23,45
723,23,46
724,23,47
725,23,48
726,23,49
727,23,50
728,23,51
729,23,52
730,23,53
731,23,54
732,23,55
733,23,56
734,23,57
735,23,58
736,23,59
737,23,60
738,23,61
739,23,62
740,23,63
741,23,64
742,23,65
743,23,66
744,24,1
745,24,2
746,24,3
747,24,4
748,24,5
749,24,6
750,24,7
751,24,8
752,24,9
753,24,10
754,24,11
755,24,12
756,24,13
757,24,14
758,24,15
759,24,16
760,24,17
761,24,18
762,24,19
763,24,20
764,24,21
765,24,22
766,24,23
767,24,24
768,24,25
769,24,26
770,24,27
771,24,28
772,24,29
773,24,30
774,24,31
775,24,32
776,24,33
777,24,34
778,24,35
779,24,36
780,24,37
781,24,38
782,24,39
783,24,40
784,24,41
785,24,42
786,24,43
787,24,44
788,24,45
789,24,46
790,24,47
791,24,48
792,24,49
793,24,50
794,24,51
795,24,52
796,25,1
797,25,2
798,25,3
799,25,4
800,25,5
801,26,1
802,26,2
803,26,3
804,26,4
805,26,5
806,26,6
807,26,7
808,26,8
809,26,9
810,26,10
811,26,11
812,26,12
813,26,13
814,26,14
815,26,15
816,26,16
817,26,17
818,26,18
819,26,19
820,26,20
821,26,21
822,26,22
823,26,23
824,26,24
825,26,25
826,26,26
827,26,27
828,26,28
829,26,29
830,26,30
831,26,31
832,26,32
833,26,33
834,26,34
835,26,35
836,26,36
837,26,37
838,26,38
839,26,39
840,26,40
841,26,41
842,26,42
843,26,43
844,26,44
845,26,45
846,26,46
847,26,47
848,26,48
849,27,1
850,27,2
851,27,3
852,27,4
853,27,5
854,27,6
855,27,7
856,27,8
857,27,9
858,27,10
859,27,11
860,27,12
861,28,1
862,28,2
863,28,3
864,28,4
865,28,5
866,28,6
867,28,7
868,28,8
869,28,9
870,28,10
871,28,11
872,28,12
873,28,13
874,28,14
875,29,1
876,29,2
877,29,3
878,29,4
879,30,1
880,30,2
881,30,3
882,30,4
883,30,5
884,30,6
885,30,7
886,30,8
887,30,9
888,31,1
889,32,1
890,32,2
891,32,3
892,32,4
893,33,1
894,33,2
895,33,3
896,33,4
897,33,5
898,33,6
899,33,7
900,34,1
901,34,2
902,34,3
903,35,1
904,35,2
905,35,3
906,36,1
907,36,2
908,36,3
909,37,1
910,37,2
911,38,1
912,38,2
913,38,3
914,38,4
915,38,5
916,38,6
917,38,7
918,38,8
919,38,9
920,38,10
921,38,11
922,38,12
923,38,13
924,38,14
925,39,1
926,39,2
927,39,3
928,40,1
929,40,2
930,40,3
931,40,4
932,40,5
933,40,6
934,40,7
935,40,8
936,40,9
937,40,10
938,40,11
939,40,12
940,40,13
941,40,14
942,40,15
943,40,16
944,40,17
945,40,18
946,40,19
947,40,20
948,40,21
949,40,22
950,40,23
951,40,24
952,40,25
953,40,26
954,40,27
955,40,28
956,41,1
957,41,2
958,41,3
959,41,4
960,41,5
961,41,6
962,41,7
963,41,8
964,41,9
965,41,10
966,41,11
967,41,12
968,41,13
969,41,14
970,41,15
971,41,16
972,42,1
973,42,2
974,42,3
975,42,4
976,42,5
977,42,6
978,42,7
979,42,8
980,42,9
981,42,10
982,42,11
983,42,12
984,42,13
985,42,14
986,42,15
987,42,16
988,42,17
989,42,18
990,42,19
991,42,20
992,42,21
993,42,22
994,42,23
995,42,24
996,43,1
997,43,2
998,43,3
999,43,4
1000,43,5
1001,43,6
1002,43,7
1003,43,8
1004,43,9
1005,43,10
1006,43,11
1007,43,12
1008,43,13
1009,43,14
1010,43,15
1011,43,16
1012,43,17
1013,43,18
1014,43,19
1015,43,20
1016,43,21
1017,44,1
1018,44,2
1019,44,3
1020,44,4
1021,44,5
1022,44,6
1023,44,7
1024,44,8
1025,44,9
1026,44,10
1027,44,11
1028,44,12
1029,44,13
1030,44,14
1031,44,15
1032,44,16
1033,44,17
1034,44,18
1035,44,19
1036,44,20
1037,44,21
1038,44,22
1039,44,23
1040,44,24
1041,44,25
1042,44,26
1043,44,27
1044,44,28
1045,45,1
1046,45,2
1047,45,3
1048,45,4
1049,45,5
1050,45,6
1051,45,7
1052,45,8
1053,45,9
1054,45,10
1055,45,11
1056,45,12
1057,45,13
1058,45,14
1059,45,15
1060,45,16
1061,46,1
1062,46,2
1063,46,3
1064,46,4
1065,46,5
1066,46,6
1067,46,7
1068,46,8
1069,46,9
1070,46,10
1071,46,11
1072,46,12
1073,46,13
1074,46,14
1075,46,15
1076,46,16
1077,47,1
1078,47,2
1079,47,3
1080,47,4
1081,47,5
1082,47,6
1083,47,7
1084,47,8
1085,47,9
1086,47,10
1087,47,11
1088,47,12
1089,47,13
1090,48,1
1091,48,2
1092,48,3
1093,48,4
1094,48,5
1095,48,6
1096,49,1
1097,49,2
1098,49,3
1099,49,4
1100,49,5
1101,49,6
1102,50,1
1103,50,2
1104,50,3
1105,50,4
1106,51,1
1107,51,2
1108,51,3
1109,51,4
1110,52,1
1111,52,2
1112,52,3
1113,52,4
1114,52,5
1115,53,1
1116,53,2
1117,53,3
1118,54,1
1119,54,2
1120,54,3
1121,54,4
1122,54,5
1123,54,6
1124,55,1
1125,55,2
1126,55,3
1127,55,4
1128,56,1
1129,56,2
1130,56,3
1131,57,1
1132,58,1
1133,58,2
1134,58,3
1135,58,4
1136,58,5
1137,58,6
1138,58,7
1139,58,8
1140,58,9
1141,58,10
1142,58,11
1143,58,12
1144,58,13
1145,59,1
1146,59,2
1147,59,3
1148,59,4
1149,59,5
1150,60,1
1151,60,2
1152,60,3
1153,60,4
1154,60,5
1155,61,1
1156,61,2
1157,61,3
1158,62,1
1159,62,2
1160,62,3
1161,62,4
1162,62,5
1163,63,1
1164,64,1
1165,65,1
1166,66,1
1167,66,2
1168,66,3
1169,66,4
1170,66,5
1171,66,6
1172,66,7
1173,66,8
1174,66,9
1175,66,10
1176,66,11
1177,66,12
1178,66,13
1179,66,14
1180,66,15
1181,66,16
1182,66,17
1183,66,18
1184,66,19
1185,66,20
1186,66,21
1187,66,22
